,loc_id,latitude,longitude,MAM,JJA,SON
0,0,3.0,33.0,27.610629749909236,31.365069621621263,24.972204168257196
1,1,3.0,33.5,26.281088394790753,31.178913218536824,20.268501243475423
2,2,3.0,34.0,23.993890813384052,29.477806146007172,16.25202081488995
3,3,3.0,34.5,21.13844916652397,24.985072746305807,13.394887725817282
4,4,3.0,35.0,16.771112946600386,17.162889986096538,9.135349123317427
5,5,3.0,35.5,10.083151286333583,6.015645304293565,4.649865778264524
6,6,3.0,36.0,14.082907784147324,4.88581816181618,5.611643226902875
7,7,3.0,36.5,9.770724534943792,4.789281640820549,3.5431720324562797
8,8,3.0,37.0,5.6094548592421605,1.9761159390614065,2.183902570094853
9,9,3.0,37.5,8.857305901263176,1.057695541169672,4.532562386982508
10,10,3.0,38.0,11.432735686615587,0.9032464046550759,7.035469444687993
11,11,3.0,38.5,13.60836777100544,1.108711435251374,9.48926781354144
12,12,3.0,39.0,16.716508202396046,1.6239413435268781,12.223472936852263
13,13,3.0,39.5,19.387250200674128,2.615339509716924,14.463968983681768
14,14,3.0,40.0,17.10638887044097,2.8178673800967027,13.215229740506087
15,15,3.0,40.5,15.945430066027066,2.5551163250511464,12.860713781719307
16,16,3.0,41.0,15.470593093193672,2.1602289396930296,13.680182359561613
17,17,3.0,41.5,17.25329136100697,2.449372804779711,15.132088826979535
18,18,3.0,42.0,12.761859856446955,1.9057825463427591,11.249497742615253
19,19,3.0,42.5,12.905114950532896,1.8727215917000926,12.725748055196123
20,20,3.0,43.0,16.610773839626862,3.01325778431562,17.536778051554123
21,21,3.0,43.5,17.986239809320782,4.179386037424885,18.606884196827128
22,22,3.0,44.0,16.02156651791383,4.299483955916773,15.895528139796378
23,23,3.0,44.5,14.950879502866163,3.972100820024456,14.583763116293392
24,24,3.0,45.0,13.518345216174168,3.5271666049602164,13.838888763994603
25,25,3.0,45.5,16.387263454034528,4.4953905138186405,16.96971805028501
26,26,3.0,46.0,14.724285262136524,5.628601141817062,14.552445523826464
27,27,3.0,46.5,12.191103941935538,7.3416166318662315,10.537598268379108
28,28,3.0,47.0,12.044702529143086,7.939793158262428,9.377578843994819
29,29,3.0,47.5,13.382205217679754,9.536403464694907,9.804087238410268
30,30,3.0,48.0,14.06968086026177,10.187431191045834,10.048000999920164
31,31,3.5,33.0,30.596280928116432,36.11934981687573,30.879858935963384
32,32,3.5,33.5,34.53748295160066,42.46200146756566,27.219582243322098
33,33,3.5,34.0,29.292423587882798,37.905695381126236,20.48335086093908
34,34,3.5,34.5,15.64756650185224,16.695712547862726,10.177156859794778
35,35,3.5,35.0,13.728483133482237,9.550254728412236,7.745096620196567
36,36,3.5,35.5,12.490594329111579,6.01191574390462,5.990160034078585
37,37,3.5,36.0,15.530962979714431,5.604830692773912,6.493542841974406
38,38,3.5,36.5,10.787462459708962,4.0673877601084545,4.342913808890365
39,39,3.5,37.0,7.526870904962589,2.1589320078820684,3.443537044336986
40,40,3.5,37.5,10.264236745082341,1.2635181523703414,5.261434074196095
41,41,3.5,38.0,15.673789643295303,1.6970282550720872,9.521053940455092
42,42,3.5,38.5,19.537048612203147,2.4415760578146735,13.28654541894749
43,43,3.5,39.0,23.869124555128803,3.9487808910484925,17.58168684168478
44,44,3.5,39.5,24.394004241200662,4.393441771711951,18.725323494231258
45,45,3.5,40.0,18.4159928981,3.193602674628652,14.354241200586651
46,46,3.5,40.5,16.56789485596929,2.7637045144899672,13.15627166831984
47,47,3.5,41.0,14.033425204858611,1.7594483626690056,11.791928792766951
48,48,3.5,41.5,13.81122768589909,1.3175404449547496,11.382796286664368
49,49,3.5,42.0,11.38622816224244,1.0821655812261752,9.402112379041734
50,50,3.5,42.5,11.871330673855217,1.1183642463502415,10.2469822014695
51,51,3.5,43.0,15.389240362933078,2.0455435863241864,14.431029216711375
52,52,3.5,43.5,19.324185772679588,3.400072381419289,18.20604544251076
53,53,3.5,44.0,19.64277678821365,4.137160920510275,18.075495327907188
54,54,3.5,44.5,16.969263574912613,3.1095168515740457,15.405264217966911
55,55,3.5,45.0,13.243442539007502,2.2934847361486193,12.548359372618236
56,56,3.5,45.5,13.289582474596282,2.596669454090135,13.61007839978794
57,57,3.5,46.0,15.982125786534283,3.3921369246658313,16.336676640958867
58,58,3.5,46.5,13.814577419347936,4.050746861478724,13.414675022664495
59,59,3.5,47.0,11.578864818885776,4.566800228771052,10.080673051325695
60,60,3.5,47.5,12.073419096870587,5.971688810792888,9.461333399463571
61,61,3.5,48.0,13.169064015968162,7.429895808806691,9.559022528247393
62,62,4.0,33.0,30.31044377381973,37.55759288706562,31.85242767305999
63,63,4.0,33.5,33.208819618235886,42.270550087056954,28.329118116190358
64,64,4.0,34.0,22.525137626670087,31.496873490550016,17.157940155278663
65,65,4.0,34.5,9.552947302887228,11.17633704097961,6.60383556621217
66,66,4.0,35.0,16.21092296826973,8.682990994450213,9.790818158377201
67,67,4.0,35.5,20.87305043533515,9.232564519775899,11.575459418346258
68,68,4.0,36.0,14.020728835515664,4.99143509967712,6.121689923954847
69,69,4.0,36.5,16.45392322912713,3.5456726657902546,7.691916269968179
70,70,4.0,37.0,12.379132707331074,2.1909385964548798,6.266426112211508
71,71,4.0,37.5,14.882721182004552,1.9491118519569277,7.386496617678513
72,72,4.0,38.0,21.036309576792586,2.7314507484352415,12.069893082012735
73,73,4.0,38.5,22.96189155133362,4.117793019665032,14.795232745695856
74,74,4.0,39.0,24.74430512290276,5.202752959142489,17.44826752002534
75,75,4.0,39.5,23.31632686744005,4.001028718712951,17.851691010738993
76,76,4.0,40.0,21.85936857603976,3.706273358828406,16.820818332099375
77,77,4.0,40.5,19.19424304779708,3.18871837494371,16.318058713918827
78,78,4.0,41.0,13.85109065207727,1.6398050376394302,12.294358599257498
79,79,4.0,41.5,12.127850203454807,1.0415150551987027,10.36245430667667
80,80,4.0,42.0,12.47478879471578,0.9122914776292362,9.822312164183353
81,81,4.0,42.5,12.67982461338682,0.9949933466731317,10.223789119324525
82,82,4.0,43.0,12.110594879010149,1.125529400135541,10.1579971727363
83,83,4.0,43.5,14.803549094923264,2.243841888575647,13.056539367692599
84,84,4.0,44.0,18.6345030855303,2.715505436022117,16.848291670900547
85,85,4.0,44.5,16.426605499095356,2.132700283119337,14.276537163092039
86,86,4.0,45.0,12.341255056407897,1.5165004744904973,10.950741428722116
87,87,4.0,45.5,12.455479825390816,1.723668842174792,11.61339477296409
88,88,4.0,46.0,13.261909718400608,2.196955542449831,12.770549233520734
89,89,4.0,46.5,13.731251225365108,2.4420268630523982,13.683181896590746
90,90,4.0,47.0,12.298043752403103,2.876631485773038,11.425665921130404
91,91,4.0,47.5,11.486399089284973,3.145719528098476,10.057871587571727
92,92,4.0,48.0,11.770774678906728,4.3473984320605075,9.417479580237705
93,93,4.5,33.0,24.95462566589858,32.048500419184826,27.310314542188735
94,94,4.5,33.5,24.13927767056667,32.47086782311269,26.10380220458181
95,95,4.5,34.0,13.462503159349135,21.704117826378432,14.939935499525221
96,96,4.5,34.5,11.173338411785215,10.006732332732108,8.964058111519712
97,97,4.5,35.0,19.67382270255316,8.695527894834461,13.887724428954956
98,98,4.5,35.5,19.939231107619985,10.662500388962135,12.225449645199257
99,99,4.5,36.0,9.82909471784969,3.243543486562242,4.7303308749210915
100,100,4.5,36.5,25.622026775141876,4.060479697974993,13.050724641791044
101,101,4.5,37.0,13.493720586552614,2.963389907556999,6.721486574031023
102,102,4.5,37.5,16.617279113775137,2.761122858345028,8.155351012561328
103,103,4.5,38.0,26.165516528215147,5.931476923833066,15.281157458328595
104,104,4.5,38.5,28.089806632574106,7.316728707567044,18.004475846399835
105,105,4.5,39.0,19.190667491236812,4.084048587294109,13.500538313274133
106,106,4.5,39.5,19.46214411090942,3.2588216723295607,14.882008840984199
107,107,4.5,40.0,20.925955744320337,3.6925858658767967,16.13008183965242
108,108,4.5,40.5,17.67672385710868,2.7314135412744744,15.689393460948423
109,109,4.5,41.0,16.082405748904332,1.7349658092702693,14.815642642036005
110,110,4.5,41.5,11.782334967633433,1.073625430379139,10.3745546996117
111,111,4.5,42.0,12.124011098180441,0.9242693299734094,9.845524252915615
112,112,4.5,42.5,12.612793566602463,1.2169468955323413,9.478404679082495
113,113,4.5,43.0,12.043895069632562,1.34721465618036,9.412531638836347
114,114,4.5,43.5,12.31029239317005,1.1343709297272946,10.359875032031978
115,115,4.5,44.0,15.957635778527298,1.4629407344714966,13.928619826519563
116,116,4.5,44.5,13.33963954325256,1.408131968157355,10.898577327171706
117,117,4.5,45.0,11.123127247470757,1.1141120118395735,9.370541536858411
118,118,4.5,45.5,12.735465090239492,1.4582471510533013,11.06904439919942
119,119,4.5,46.0,11.109718263181284,1.446222401758918,9.741028594490908
120,120,4.5,46.5,11.157889949838752,1.590242062258273,10.285214736225553
121,121,4.5,47.0,12.575378592573868,1.9072846263581573,12.420306193526775
122,122,4.5,47.5,11.764177409773758,2.1762646243168593,11.05339289797684
123,123,4.5,48.0,10.684204215944332,1.9528042214448693,9.433467350302811
124,124,5.0,33.0,17.973287209197284,25.80025821665095,22.026817457517378
125,125,5.0,33.5,17.21697556703024,26.338844923570107,21.152246435505898
126,126,5.0,34.0,13.866355902648323,20.00642688659026,15.638626297483944
127,127,5.0,34.5,11.996002931477326,8.69998789931628,9.7677005643269
128,128,5.0,35.0,19.647579357024,10.954588059698708,15.791209255770147
129,129,5.0,35.5,12.010706292168448,10.855887301793084,8.199877916647383
130,130,5.0,36.0,7.752895057261853,2.3923086385823047,4.360993290055922
131,131,5.0,36.5,52.218616430501044,12.186429894662403,33.36207861850792
132,132,5.0,37.0,26.359498528412303,7.859905869016042,16.779695479720193
133,133,5.0,37.5,19.312986715065428,5.124953282664013,10.010451712084576
134,134,5.0,38.0,28.901001393934177,8.423475589265328,17.218219832682568
135,135,5.0,38.5,23.556458388778548,8.001471034024705,14.97847588633941
136,136,5.0,39.0,14.028522457307247,4.473658105343981,10.05442657001052
137,137,5.0,39.5,24.201543364700566,5.151850935158942,18.4052378858635
138,138,5.0,40.0,24.153824364401487,4.883567507817307,19.017599635921247
139,139,5.0,40.5,16.990172392963377,2.2623902136894496,15.12744437111826
140,140,5.0,41.0,17.081644548884764,1.6960076511459843,15.224607058714563
141,141,5.0,41.5,12.151840960501252,1.081559398061545,10.330872683896514
142,142,5.0,42.0,13.714628499973559,1.116116183146687,11.730404050351543
143,143,5.0,42.5,14.18300988051657,1.4163799301179278,11.325396608184858
144,144,5.0,43.0,11.834121241777927,1.1994267740610993,8.847310088301576
145,145,5.0,43.5,12.088779125297703,0.9696577009637851,9.752281929961068
146,146,5.0,44.0,12.626393052419528,1.0041707018975554,10.49895669820088
147,147,5.0,44.5,9.697477651141972,0.96541446547824,7.400529720398285
148,148,5.0,45.0,10.49761160530189,1.0328358232750017,8.597220624713048
149,149,5.0,45.5,12.326956665341575,1.3368441488933585,10.38139554994092
150,150,5.0,46.0,10.538995501912503,1.2374883626479078,8.772120043323765
151,151,5.0,46.5,9.35490263249758,1.0701451270939453,7.68571855788957
152,152,5.0,47.0,10.854630274702965,1.3956979894031616,9.961213440447807
153,153,5.0,47.5,11.560789415329362,1.4353855776226088,11.27629299502622
154,154,5.0,48.0,10.623242393125176,1.204808342531334,9.824819499024441
155,155,5.5,33.0,18.089629066636945,27.385381717502593,23.285653535002478
156,156,5.5,33.5,15.827306734683456,24.95669906471343,20.8858252911814
157,157,5.5,34.0,12.7335731791471,18.557243897028858,15.503223383661568
158,158,5.5,34.5,25.83830582529465,18.155963609817714,22.728826131269944
159,159,5.5,35.0,35.20385312464182,22.19321909786788,30.60904180305958
160,160,5.5,35.5,8.987381819174454,11.338494050376278,6.129799942593073
161,161,5.5,36.0,10.770550630832908,3.384839364586225,6.411157957732487
162,162,5.5,36.5,81.25399812614181,32.165176903902264,64.62443565390195
163,163,5.5,37.0,26.444760928288073,10.416513969439658,17.029690621388145
164,164,5.5,37.5,21.23602250039812,8.45019324455558,11.71938963870941
165,165,5.5,38.0,33.12629219835934,16.576829726953907,23.024206273952768
166,166,5.5,38.5,27.658095759115714,16.14573183081475,20.62880995358169
167,167,5.5,39.0,17.415850589596765,7.469272636748481,13.063858232983408
168,168,5.5,39.5,31.793584739523766,8.831637202620325,24.444565007725814
169,169,5.5,40.0,28.511971893078982,5.7919650115677825,22.541987144591214
170,170,5.5,40.5,18.663193861975724,2.348219562703823,15.759530613128874
171,171,5.5,41.0,14.624575193128962,1.4113076352236578,12.061716934128265
172,172,5.5,41.5,12.971657108735457,1.1917652269662724,10.544826076340604
173,173,5.5,42.0,15.915618676787707,1.3509473799528384,13.487061989536636
174,174,5.5,42.5,14.780420846985109,1.1934820995815871,12.105688458630965
175,175,5.5,43.0,12.281688937061483,0.9504147982739325,9.463445474591149
176,176,5.5,43.5,11.131470490818733,0.8554774323374877,8.32578997912858
177,177,5.5,44.0,10.239495913950114,0.8254487714950166,7.792916671191553
178,178,5.5,44.5,8.746747055402372,0.8833674107529154,6.5998513875487985
179,179,5.5,45.0,10.827207774014111,1.0956249841027466,8.796109950585274
180,180,5.5,45.5,11.051456241470655,1.2116147379793858,9.072248565699677
181,181,5.5,46.0,9.781472127369332,1.088532407387537,8.093923377971228
182,182,5.5,46.5,8.852891185408948,0.9837934849980924,7.036559428971015
183,183,5.5,47.0,8.447527498326574,0.8927811584406461,6.811855434470194
184,184,5.5,47.5,9.070938503866122,0.9079539686710558,8.07492071636361
185,185,5.5,48.0,9.661693140896816,0.9591808320007799,9.028925454469343
186,186,6.0,33.0,19.434098872149402,30.254949088299565,25.244807361376832
187,187,6.0,33.5,17.935782988949867,28.109191307651773,23.781592451313582
188,188,6.0,34.0,17.547531941361473,21.804939679122654,21.00825348468395
189,189,6.0,34.5,32.62894608156604,22.099723412836255,29.85269525205348
190,190,6.0,35.0,51.906797558687195,33.38377011908817,45.80768645128766
191,191,6.0,35.5,12.680183128532478,13.503687928987263,7.9009694957270495
192,192,6.0,36.0,15.393220237962055,5.228241138684478,9.437299462544281
193,193,6.0,36.5,100.67844137788836,71.5382685930905,103.75086474148459
194,194,6.0,37.0,27.10352663180854,22.009746026089825,24.161787710545894
195,195,6.0,37.5,31.48770079501307,16.595524086245927,24.697573030325028
196,196,6.0,38.0,42.90548959062349,25.83456816530416,35.28765313125083
197,197,6.0,38.5,44.60148546229357,33.297967015960495,38.945801418241906
198,198,6.0,39.0,35.34914010972142,25.15126512835039,32.23594326626009
199,199,6.0,39.5,24.71575448867759,9.50497280319461,22.502542720953112
200,200,6.0,40.0,20.683393151550316,5.501782051941492,17.45409157924088
201,201,6.0,40.5,16.28842100135158,2.5538696572409947,12.489762592794198
202,202,6.0,41.0,13.76680776805402,1.5363928493916312,10.648431589560836
203,203,6.0,41.5,15.954921096126526,1.5596361899107298,12.66088172619016
204,204,6.0,42.0,16.10886684458232,1.294038584436403,12.362061842538184
205,205,6.0,42.5,13.341766348200798,0.9194625991755853,9.638774818603386
206,206,6.0,43.0,11.053124324376741,0.7781450570348243,7.712547248576159
207,207,6.0,43.5,10.876661168874312,0.8245638560114017,7.558265710751278
208,208,6.0,44.0,11.77805048796664,1.1093335019688342,8.238162735924407
209,209,6.0,44.5,9.894446829552633,1.1700095554990642,7.150290560122052
210,210,6.0,45.0,11.818963696344559,1.2705187799539204,9.495278008714646
211,211,6.0,45.5,9.812162645210835,1.095827353472516,7.792873766322532
212,212,6.0,46.0,8.676370125939886,0.956497586233914,7.2762179624558625
213,213,6.0,46.5,8.979462599632283,0.9486688058395526,7.223285271132025
214,214,6.0,47.0,8.270417613347371,0.8542208984115273,6.7129791874966
215,215,6.0,47.5,7.495628459378453,0.7733452755062681,6.304021051335323
216,216,6.0,48.0,7.482530256066338,0.7678824665412621,6.529050963074151
217,217,6.5,33.0,18.145474155399228,30.58763060888465,24.990887995975953
218,218,6.5,33.5,18.70904056106151,30.600597895779075,25.66697168297703
219,219,6.5,34.0,18.049716025002308,24.07407026717135,22.864118350825677
220,220,6.5,34.5,22.642762629829452,18.90910669879288,23.725676629067905
221,221,6.5,35.0,31.938393651040673,27.700393304349817,34.64826772694733
222,222,6.5,35.5,13.703933038061942,14.264360814508336,9.582613329932409
223,223,6.5,36.0,18.32942053071152,9.662466189844892,11.304536330691882
224,224,6.5,36.5,63.830031081379445,54.95194157905888,67.5635568901093
225,225,6.5,37.0,26.965928929813384,27.818671505134347,26.76200725658953
226,226,6.5,37.5,30.477728518760728,23.794766226139718,26.74666650830224
227,227,6.5,38.0,36.55446359767517,27.918032662556005,33.623742521292094
228,228,6.5,38.5,45.266363555464274,41.15251297834075,44.664317270045814
229,229,6.5,39.0,52.2293633374382,49.40946912744125,52.02232663553929
230,230,6.5,39.5,39.62346246096985,31.820789689491658,38.67408404555797
231,231,6.5,40.0,30.07294705940255,16.593899159061678,30.36752065048233
232,232,6.5,40.5,24.521502034013505,7.383499491522305,22.285513623087823
233,233,6.5,41.0,19.855460179025286,4.530657660555743,16.833578180897078
234,234,6.5,41.5,15.043830144474724,1.4375968102078567,10.493526752210855
235,235,6.5,42.0,12.670140888007452,0.9486075245210214,8.97853559229277
236,236,6.5,42.5,12.1008871416767,1.1026686989359167,9.038993981294478
237,237,6.5,43.0,11.623168928838604,1.3048543553002327,8.706507170163354
238,238,6.5,43.5,11.906607460275202,1.5524634222684615,8.950325752338287
239,239,6.5,44.0,12.643925167150348,1.84641143928243,9.820620295288721
240,240,6.5,44.5,10.299900897552103,1.4122887345939759,7.892066540967742
241,241,6.5,45.0,10.975812943035189,1.2533555624376833,8.868649443412604
242,242,6.5,45.5,8.849207941142238,1.0603650411654904,7.053538431877004
243,243,6.5,46.0,8.660680027839627,0.9697286332922938,7.036064876666047
244,244,6.5,46.5,8.894486950661497,0.9497570643323714,6.913409569629863
245,245,6.5,47.0,8.88397768970922,0.9630190575661558,6.8492764879833645
246,246,6.5,47.5,8.620000333599016,0.9163212377143415,6.788728003305839
247,247,6.5,48.0,8.15605730967289,0.7896014653249538,6.643543230268816
248,248,7.0,33.0,16.37998220589807,30.351780267343326,23.59086994945604
249,249,7.0,33.5,20.25460859836024,31.625286040659585,28.17943576072102
250,250,7.0,34.0,20.824314298537427,28.461645192595267,26.845550951071488
251,251,7.0,34.5,20.564988964036306,18.82320067910717,18.216750733036818
252,252,7.0,35.0,34.34004638968082,25.55471192843848,26.225150316159045
253,253,7.0,35.5,50.05322643358133,40.80599340219982,36.26788427351557
254,254,7.0,36.0,36.964034179201974,34.73820535773583,23.976819939440613
255,255,7.0,36.5,49.41778753031571,51.573573442323585,45.47910998084139
256,256,7.0,37.0,46.92746058001086,51.757979982066445,41.85392056522968
257,257,7.0,37.5,37.285560974539614,40.06734411465421,32.804378051029126
258,258,7.0,38.0,32.30212122050636,30.05673571578177,28.95724337888468
259,259,7.0,38.5,42.12050698368288,40.82990992418423,38.909116062048284
260,260,7.0,39.0,57.8678738526016,61.637994487439904,52.540321200726765
261,261,7.0,39.5,60.37228561078076,65.63891052502288,53.09877227870053
262,262,7.0,40.0,55.1930382382918,61.53479371084021,53.769522941596826
263,263,7.0,40.5,47.24921865471418,32.91164869640091,49.630670025531
264,264,7.0,41.0,25.17176665380803,6.416578932521131,22.143222581247233
265,265,7.0,41.5,14.042026928023,1.4800250181647725,10.37794268310572
266,266,7.0,42.0,12.588908146813345,1.0650268237707292,8.556835288730822
267,267,7.0,42.5,17.48431442778794,2.1242665514848564,12.48253293151919
268,268,7.0,43.0,19.582675636165558,3.0876750938419577,13.926934727010762
269,269,7.0,43.5,17.58617752348466,3.2363077943038427,12.32462651806562
270,270,7.0,44.0,16.4344834748009,2.9419418729007023,12.343573221398408
271,271,7.0,44.5,14.539298157936434,2.1992985454482827,11.110730953016487
272,272,7.0,45.0,12.261024136407153,1.519392633888713,9.625481619373641
273,273,7.0,45.5,9.564168242738628,1.0578966934665506,7.7124068694825825
274,274,7.0,46.0,9.458419488269975,1.0111706180262923,7.672693864306031
275,275,7.0,46.5,8.96916573338799,0.9442056172715532,7.113588939070607
276,276,7.0,47.0,8.419938630721207,0.9169067604735283,6.581013943258088
277,277,7.0,47.5,8.043667788021253,0.8737631081826693,6.253892617630555
278,278,7.0,48.0,7.723854608341045,0.7866649986053487,6.000531500158405
279,279,7.5,33.0,15.76225097847472,30.90205718754274,24.994858741714
280,280,7.5,33.5,19.997221604623363,35.910269595578875,30.115574458116782
281,281,7.5,34.0,19.074636567060455,31.70692428737969,26.44962783912708
282,282,7.5,34.5,22.489180284548848,24.14843148987107,24.228736883883546
283,283,7.5,35.0,56.57878643586837,54.36691828765466,62.64607821404411
284,284,7.5,35.5,82.70636774980112,79.07298867739489,78.46952954903101
285,285,7.5,36.0,58.7138718675169,69.28701703145363,57.118759123413305
286,286,7.5,36.5,52.3304128807199,61.134488692408404,46.51959887042232
287,287,7.5,37.0,46.41918559237221,61.989746084182194,43.93647874396004
288,288,7.5,37.5,43.456438388267124,55.84006137486099,40.47144408535086
289,289,7.5,38.0,34.579256149178775,41.226003798978205,31.625858289952387
290,290,7.5,38.5,30.476576464570627,33.487796730664,29.08073638544539
291,291,7.5,39.0,39.28008373450103,46.3943847682413,39.32586244698911
292,292,7.5,39.5,39.435191589047115,58.820800374308654,43.07993263443908
293,293,7.5,40.0,24.448865490895482,43.25850015406178,31.180644306301417
294,294,7.5,40.5,16.648447806822436,11.656593075435936,16.83698123750408
295,295,7.5,41.0,27.87509237205654,8.91852606648675,22.124652345161213
296,296,7.5,41.5,19.917606428435267,3.5896283915177576,13.34864361372972
297,297,7.5,42.0,14.776962419501444,1.8036219639629971,8.922265576956192
298,298,7.5,42.5,16.872293924929874,1.99835734960841,10.449228954979384
299,299,7.5,43.0,17.086933022796988,2.532892832281115,10.79552982305036
300,300,7.5,43.5,14.470464734629312,2.68138964679995,9.233684571935475
301,301,7.5,44.0,12.892200201938897,2.2671184689364807,8.775898118941072
302,302,7.5,44.5,11.718181269608005,1.9955299295116886,8.51632634071767
303,303,7.5,45.0,9.420087340270998,1.2715020724559638,7.178191184053638
304,304,7.5,45.5,9.246401176761834,1.1013599417841886,7.087792947494569
305,305,7.5,46.0,9.254648394483754,1.092615567028328,7.104944419668411
306,306,7.5,46.5,9.241104219869937,1.105437970111806,7.093144929374638
307,307,7.5,47.0,9.099130134721408,1.119598756076125,6.996022673238305
308,308,7.5,47.5,9.334587683732755,1.1310983835368404,7.482477530431827
309,309,7.5,48.0,9.321026280144197,1.0589579899346093,7.807815374096172
310,310,8.0,33.0,15.761379402437038,33.78428961589469,26.130679295791065
311,311,8.0,33.5,15.904756445066388,34.400426797687366,25.87711080476258
312,312,8.0,34.0,14.600352207714925,27.84259482367997,20.532352456514058
313,313,8.0,34.5,18.99492551567489,23.629992765539086,19.967200411457267
314,314,8.0,35.0,43.40320715679459,48.22996233817634,46.18989938981042
315,315,8.0,35.5,61.449104436435114,79.04705898209924,70.63446592923684
316,316,8.0,36.0,52.89980210601013,83.98045140761978,61.935657165339954
317,317,8.0,36.5,42.610981994021074,73.107571998679,44.615752923951355
318,318,8.0,37.0,28.78227421907383,61.97425664547344,33.09166447587507
319,319,8.0,37.5,38.77015699606729,68.0270268478655,39.03125998913927
320,320,8.0,38.0,35.97756748083655,62.15056957298079,34.495791706790015
321,321,8.0,38.5,25.775561599773926,44.89423629969584,25.63680642422249
322,322,8.0,39.0,23.20673978233033,32.52225329900161,25.617911139571458
323,323,8.0,39.5,29.74103193832045,50.17754671404206,37.668677890401334
324,324,8.0,40.0,23.426574592952534,54.02062331751216,29.99357570591747
325,325,8.0,40.5,16.110472849713087,17.16538607258636,15.772565669722885
326,326,8.0,41.0,22.093503712888662,8.832182468846817,16.568033718764294
327,327,8.0,41.5,21.251329977474416,4.294191040585581,13.486645626310649
328,328,8.0,42.0,18.457019226290125,2.7329145103490333,10.64070497947125
329,329,8.0,42.5,18.64426337098182,2.4926113303445514,10.49058161378052
330,330,8.0,43.0,18.246176107976904,2.969781353889642,10.46940734523744
331,331,8.0,43.5,14.705999049423662,2.9483185096335673,8.889896078658795
332,332,8.0,44.0,11.793342435010166,2.36353156078326,7.762710794612377
333,333,8.0,44.5,11.468748629145109,1.939048760451823,8.14995756730851
334,334,8.0,45.0,9.704768033503155,1.4221210185770312,7.122745027499907
335,335,8.0,45.5,9.805819069441995,1.3270708744515316,7.283132117789662
336,336,8.0,46.0,9.088320760436707,1.1366449401919307,7.028146368352139
337,337,8.0,46.5,8.829721600717257,1.1047356091237268,6.804752880670812
338,338,8.0,47.0,8.623840614812691,1.0378190961528142,6.394759005273445
339,339,8.0,47.5,8.885394092014756,1.0299648267587929,6.651027646421075
340,340,8.0,48.0,8.976604719833064,0.9411769526449335,6.454512214545608
341,341,8.5,33.0,14.693345357695383,38.56291048237549,30.82000036868436
342,342,8.5,33.5,14.891151482316516,36.999698990866015,28.386151974409742
343,343,8.5,34.0,26.617234785690574,41.93605483878077,38.8308259375718
344,344,8.5,34.5,36.73742966885222,46.179492468089585,48.161850224475394
345,345,8.5,35.0,39.69255521552392,54.06198910640999,44.403601632435574
346,346,8.5,35.5,43.90827865744115,67.51406593729085,52.02632309645887
347,347,8.5,36.0,35.67610103399604,75.7293978941565,47.4443824730216
348,348,8.5,36.5,31.190174040032066,70.06214980172524,36.28484169713642
349,349,8.5,37.0,24.60463574780631,65.85438810951665,30.31594024603726
350,350,8.5,37.5,37.0851741135659,82.50146090262393,39.6681580154223
351,351,8.5,38.0,37.25268444822513,76.72655311106733,36.89119197360157
352,352,8.5,38.5,22.39664238277591,47.032689590608925,21.239905856922068
353,353,8.5,39.0,18.418058274945032,34.780774432262184,20.222208647418384
354,354,8.5,39.5,18.288159163259625,33.25454720814687,21.674171591064177
355,355,8.5,40.0,15.581008215395203,28.885393343692908,16.17596792389269
356,356,8.5,40.5,25.206222565215924,26.197022814508284,23.10021121055487
357,357,8.5,41.0,24.440357400435243,16.819758804571574,18.55479883902634
358,358,8.5,41.5,19.970379626314614,9.54314475357443,12.867993446557554
359,359,8.5,42.0,20.274227842137126,6.219817769201711,11.894129961423161
360,360,8.5,42.5,19.11430184748905,5.218369241123456,10.822879095624936
361,361,8.5,43.0,16.457800803179854,3.4688078715309456,9.015894594512076
362,362,8.5,43.5,13.659400984110453,3.2905418001700624,7.809497822129217
363,363,8.5,44.0,11.269667208360902,2.1714487599682983,6.893996833206475
364,364,8.5,44.5,9.667150237406359,1.5774469210008546,6.263009801545681
365,365,8.5,45.0,8.703667573079011,1.2162116738771052,5.736069156568294
366,366,8.5,45.5,9.069011569874318,1.1614887547949573,6.014037417449916
367,367,8.5,46.0,9.08133345553035,1.1050513671595028,6.239104777792606
368,368,8.5,46.5,9.036853834528223,1.0255203420380223,6.280577467556308
369,369,8.5,47.0,8.37738076262664,0.9158084392464475,5.697224776737712
370,370,8.5,47.5,7.072974527827191,0.7584586062048427,4.929054353345732
371,371,8.5,48.0,6.9339406311695875,0.6602699399909775,4.602280897141888
372,372,9.0,33.0,13.568153899683425,39.63511180203425,30.763410132577135
373,373,9.0,33.5,13.960141005673009,34.741835435087545,28.363991241823722
374,374,9.0,34.0,25.670408853708704,39.67163782934694,38.794714974184764
375,375,9.0,34.5,45.138847238490506,66.48270638169996,66.82796963492295
376,376,9.0,35.0,51.22189924901654,79.32249423952663,67.82460074770516
377,377,9.0,35.5,31.67925800034904,64.8683917641943,40.86729593887541
378,378,9.0,36.0,20.728630378665503,63.33036425424021,30.553252193496636
379,379,9.0,36.5,34.94007607685092,84.25867793187801,46.36127188870305
380,380,9.0,37.0,38.35085693030452,84.00898004960695,40.33027744688495
381,381,9.0,37.5,42.09318261618008,89.54705073864032,44.24242615102963
382,382,9.0,38.0,44.227727886724146,93.2884946930901,45.89403054737607
383,383,9.0,38.5,29.391786748467126,63.63444242749801,30.263814972974398
384,384,9.0,39.0,25.831355171424676,56.14578293176188,23.063706453129384
385,385,9.0,39.5,20.138264262419735,48.2811072999102,19.68391578441926
386,386,9.0,40.0,10.452711787811932,10.696235444544632,7.664694980653575
387,387,9.0,40.5,25.797708578954683,20.513045122741843,22.660174924855237
388,388,9.0,41.0,39.48485796602992,30.62149826874926,30.53955315182829
389,389,9.0,41.5,33.87472150462651,29.95817490743448,28.580185283031184
390,390,9.0,42.0,31.811296758818823,24.61893469191781,25.60481343784872
391,391,9.0,42.5,23.105923740091583,9.976834543795212,14.928046798720644
392,392,9.0,43.0,20.453066270680438,8.22971012349788,13.123561004021965
393,393,9.0,43.5,14.77539364827686,5.959712781500548,9.42076450007737
394,394,9.0,44.0,10.456874647583035,3.8545750250750763,6.832436506661355
395,395,9.0,44.5,7.3813108240494145,2.1098780135977324,5.019662373400904
396,396,9.0,45.0,7.28583512965282,1.7418447968406408,5.045813537854776
397,397,9.0,45.5,7.070125874898301,1.3216715296335075,4.7756392980251965
398,398,9.0,46.0,7.188653530633612,1.0766422278682728,4.8552503060654315
399,399,9.0,46.5,7.08361308265929,0.967504143440598,4.832835588968791
400,400,9.0,47.0,7.125338952789034,0.8599690873000054,4.857639316543552
401,401,9.0,47.5,5.822646758901395,0.70306115627462,4.0906308824720155
402,402,9.0,48.0,7.003482789394194,0.9970641698251286,4.997640657656937
403,403,9.5,33.0,11.627332566698312,38.62970499246359,27.836835174610034
404,404,9.5,33.5,12.089013824995584,33.77028342931237,25.60979156634806
405,405,9.5,34.0,16.958647678073277,36.58627858493372,35.12466277475653
406,406,9.5,34.5,36.098906792240506,63.33257682721942,62.99555602141027
407,407,9.5,35.0,42.35784393014321,81.71057021895619,66.90254126976362
408,408,9.5,35.5,21.863687802104096,68.40864786165064,37.05331173950734
409,409,9.5,36.0,16.909918736000908,67.37886008237687,30.546858102487292
410,410,9.5,36.5,38.274249350661044,99.50779909947333,60.17350285822599
411,411,9.5,37.0,38.712499175706334,89.34361018101094,45.98598601414589
412,412,9.5,37.5,27.00798260352467,66.88389459139512,32.22770932111835
413,413,9.5,38.0,30.03299452400455,72.27439859355418,34.609773719087876
414,414,9.5,38.5,30.452687750503994,74.55052401763889,38.52094240211346
415,415,9.5,39.0,28.057174461590478,68.62362725041909,32.073116219829636
416,416,9.5,39.5,24.789321457213706,65.9791753171428,24.207827619192084
417,417,9.5,40.0,10.179756826144406,8.02205311453004,4.929241700829797
418,418,9.5,40.5,17.0372336144945,8.432686804316127,13.149334531346346
419,419,9.5,41.0,38.56885268215603,27.319378656465886,27.981493175634643
420,420,9.5,41.5,33.34439239470647,28.33004066494193,27.194137767680203
421,421,9.5,42.0,28.325782893269878,24.08224744936132,23.390652789600022
422,422,9.5,42.5,19.51356268096869,8.95171646313632,12.424865748636323
423,423,9.5,43.0,23.153440907978126,11.779365698420596,15.379652316380904
424,424,9.5,43.5,17.37989591152338,9.515555591720352,11.636830082348823
425,425,9.5,44.0,12.131734894790638,4.923662954205343,7.908790676640419
426,426,9.5,44.5,9.635559867552761,3.11188365523158,6.861197900325583
427,427,9.5,45.0,10.658714928760533,2.919122555577399,7.590557373979503
428,428,9.5,45.5,9.173172218272914,2.4528130079395587,6.552508159981734
429,429,9.5,46.0,8.162786140072582,2.041358842684525,5.890352371054056
430,430,9.5,46.5,5.507391032786276,1.3473386318202951,4.313308074142625
431,431,9.5,47.0,5.641159466544697,1.2484689355940273,4.392743382831353
432,432,9.5,47.5,5.303910294935451,0.7404688257492339,3.8450428301548616
433,433,9.5,48.0,6.549214038404439,1.0461027170958197,4.798061703280074
434,434,10.0,33.0,9.916463794992321,36.137756605976655,24.749282334931944
435,435,10.0,33.5,10.058780725793545,32.23118813314945,24.33925499911331
436,436,10.0,34.0,14.66801791472898,34.892108203855905,33.72772430546695
437,437,10.0,34.5,19.36535572836426,44.42088393002041,44.6640063807726
438,438,10.0,35.0,20.453376059204583,56.745860146741656,42.629319863209304
439,439,10.0,35.5,17.877485316070864,69.57660685079594,38.92048310900298
440,440,10.0,36.0,20.25462799771288,80.33219682244773,42.826963511124085
441,441,10.0,36.5,25.788649007589004,90.07293761111403,50.7532690603685
442,442,10.0,37.0,21.735112754916923,77.40034445727666,39.30240042805627
443,443,10.0,37.5,15.096091321742938,60.95695044149318,27.36758055459471
444,444,10.0,38.0,14.266161123126457,48.597523353077236,17.81110459368899
445,445,10.0,38.5,13.673553744832816,49.87204583627127,21.60492316160686
446,446,10.0,39.0,17.466712625605542,68.57106939764243,30.958697118302876
447,447,10.0,39.5,25.316284267748326,88.58186980739599,30.333645242213212
448,448,10.0,40.0,11.918678193717836,12.068626698386431,3.9957531746290953
449,449,10.0,40.5,9.247064567989582,2.869217794738294,4.270563894503102
450,450,10.0,41.0,17.910213278115034,7.903284245565609,9.669975804659623
451,451,10.0,41.5,12.164577335221189,5.282494566950925,5.1910752985326525
452,452,10.0,42.0,8.756673028596772,3.857099947166878,3.467256815644211
453,453,10.0,42.5,11.693164303817957,4.721858640668289,5.0390861618833265
454,454,10.0,43.0,16.006728333416763,8.39166859249155,8.688098006486774
455,455,10.0,43.5,18.060026317028775,7.845676804190158,9.736374728529334
456,456,10.0,44.0,14.859267661699372,3.1877487133444604,7.358246767749564
457,457,10.0,44.5,14.394138653780857,2.6988531899462687,8.45819888855412
458,458,10.0,45.0,15.92677431944093,2.699847147337401,9.406066599732222
459,459,10.0,45.5,14.037660145789038,2.7479123812102912,8.574392088984212
460,460,10.0,46.0,10.334116281728923,2.45718819735704,6.648728784678128
461,461,10.0,46.5,7.002185009419109,1.550922127050294,4.730997890801844
462,462,10.0,47.0,10.245731290216087,2.084138096192167,7.389643415829592
463,463,10.0,47.5,9.81593012013111,1.5311465317273918,6.754077779712559
464,464,10.0,48.0,4.914875189783121,0.7403260028811988,3.634714970181465
465,465,10.5,33.0,8.309320509467012,33.95591435210304,23.237124516603828
466,466,10.5,33.5,8.409431647273465,30.089396268870058,22.15490833920526
467,467,10.5,34.0,10.390462750182204,29.468143683699328,25.26933426620123
468,468,10.5,34.5,13.706784855016984,36.70906612913211,33.61506710926201
469,469,10.5,35.0,13.443225890408023,43.22153272071552,35.43385882905557
470,470,10.5,35.5,15.862923788211688,65.03806794801368,42.17224948771271
471,471,10.5,36.0,19.936427649756364,80.87341017276923,46.342014830629275
472,472,10.5,36.5,18.68877801369354,86.99972610822607,39.452628597025274
473,473,10.5,37.0,24.32320877620278,104.11871293352219,52.505601187168224
474,474,10.5,37.5,37.90597960947531,101.68778080264963,48.29357592215997
475,475,10.5,38.0,30.42169677476775,76.65667829427893,30.197107994678635
476,476,10.5,38.5,16.810094959294634,68.87112566456027,24.173553696963655
477,477,10.5,39.0,18.911167596131406,88.44404204025938,35.39994990327105
478,478,10.5,39.5,29.3813833826904,89.7672512835715,31.759057041088997
479,479,10.5,40.0,16.990044708923648,14.95852923705562,5.390414499301566
480,480,10.5,40.5,8.856558181823091,2.569642458820503,3.743250110992268
481,481,10.5,41.0,15.249440623417684,10.392201635913768,10.829272112060755
482,482,10.5,41.5,8.782262861680039,7.177583952161697,5.045756077753566
483,483,10.5,42.0,7.030107152018036,5.581359020376548,3.9538546394041147
484,484,10.5,42.5,11.604609327432689,6.839335779445264,5.946138029819118
485,485,10.5,43.0,14.011671941020149,6.064865284126525,6.179004059013649
486,486,10.5,43.5,14.863479241163018,2.7582589933185537,5.324494931069045
487,487,10.5,44.0,13.30655285549251,1.2164768853244226,5.684232528374058
488,488,10.5,44.5,11.72624012428107,0.7589518375954012,5.4782520082343
489,489,10.5,45.0,12.767577065924614,0.4568481437692662,5.626379527413202
490,490,10.5,45.5,11.80233782164037,0.7074698192313926,5.9611479429918655
491,491,10.5,46.0,8.285310204314104,0.6588031557156908,4.2927613797368265
492,492,10.5,46.5,8.941180583991107,0.6404252412917489,5.643657328096516
493,493,10.5,47.0,12.750799787640299,1.4859269425508768,8.770857854351346
494,494,10.5,47.5,14.240551754435435,1.8476902865591864,9.03434598303328
495,495,10.5,48.0,8.338469994515412,1.2525765190543774,5.324208720792442
496,496,11.0,33.0,6.573537961134744,30.90130076626205,21.504416976178636
497,497,11.0,33.5,7.442895527936641,29.61536954117501,21.589909549726098
498,498,11.0,34.0,8.980393339598978,29.485292499584556,24.33657540465626
499,499,11.0,34.5,9.635975637594727,32.06583026939952,27.076633725378574
500,500,11.0,35.0,7.974201373586102,30.849859470253193,22.169807639426107
501,501,11.0,35.5,10.126393817325516,47.92363761480317,32.811244016675076
502,502,11.0,36.0,18.717603543475132,83.46440597824166,48.64408953276163
503,503,11.0,36.5,34.16583551948353,120.1270866487801,71.93998637440602
504,504,11.0,37.0,40.833694248742425,111.06216583737961,67.60056053890615
505,505,11.0,37.5,42.33104136598314,87.92498589463229,51.797491556137054
506,506,11.0,38.0,31.08054875053924,71.1912932256764,32.55269004818563
507,507,11.0,38.5,22.119937658849693,78.98481408152757,29.60767526295552
508,508,11.0,39.0,32.396365417774355,93.13709637477207,35.51473527007939
509,509,11.0,39.5,44.84593473062642,67.95880508278226,22.1224543953458
510,510,11.0,40.0,21.65799953367676,6.502506788119224,4.383652749011017
511,511,11.0,40.5,8.603546374743445,2.13902164633836,3.788600718312774
512,512,11.0,41.0,16.318446343182416,9.605364641899842,10.822802371002474
513,513,11.0,41.5,11.020783511241143,6.887394864913247,5.713684581028183
514,514,11.0,42.0,8.020855171441411,4.866914018950607,4.507726322538731
515,515,11.0,42.5,8.41924388471285,4.595407849939252,5.291950363850947
516,516,11.0,43.0,7.755993575884458,3.7817837170349904,4.881076766134898
517,517,11.0,43.5,6.406370976212174,2.2002842221969776,5.05069579930462
518,518,11.0,44.0,6.249113320720988,1.2533560799355572,6.9624275068811405
519,519,11.0,44.5,4.596379503308809,1.3591625396794953,6.413245726338392
520,520,11.0,45.0,3.1019014167913688,0.6608924980444791,4.464596010108802
521,521,11.0,45.5,3.1251827264124787,0.6068189878082916,4.632363408439002
522,522,11.0,46.0,2.5361923112692644,0.3833671352695324,3.148595835108503
523,523,11.0,46.5,2.2042299432828396,0.21210621641772742,2.262888194076273
524,524,11.0,47.0,8.834610877154311,0.28408158419764634,3.798759880564848
525,525,11.0,47.5,13.888565591323223,0.7111395033656974,5.763515797445305
526,526,11.0,48.0,11.940024413333363,1.0818898542820656,5.987268375120135
527,527,11.5,33.0,5.152844870009317,24.32337209107392,16.71998224617955
528,528,11.5,33.5,5.981014037458564,25.569837088867,18.566535557237938
529,529,11.5,34.0,6.418449543818066,25.975509209523825,19.387365768009282
530,530,11.5,34.5,6.881429565718929,29.092136077367922,20.814963191809962
531,531,11.5,35.0,8.2793433263314,37.4159492593786,25.321118643540654
532,532,11.5,35.5,11.506243858899468,52.42152480289187,34.77565907495549
533,533,11.5,36.0,14.054831858639574,64.59690865253093,39.670837466811925
534,534,11.5,36.5,16.750179326497516,84.94722298455362,51.44851648107957
535,535,11.5,37.0,13.570777410708763,72.92803400073721,40.293767133313025
536,536,11.5,37.5,19.18368542858686,89.46929577576346,38.380765985155065
537,537,11.5,38.0,21.087416301696766,85.8472206096372,29.59421919695546
538,538,11.5,38.5,17.380189606133644,69.35506373270185,22.20683692437154
539,539,11.5,39.0,19.94053155851717,60.61512211958685,19.532654677294328
540,540,11.5,39.5,26.563507060520553,45.59510417503256,10.912284057483964
541,541,11.5,40.0,11.049183476418778,3.4650651359096876,2.8741322444786133
542,542,11.5,40.5,8.083577610784902,3.6024865990858763,4.3890828448418056
543,543,11.5,41.0,9.069822453767499,10.772413567713613,6.942070127569511
544,544,11.5,41.5,5.259327141549043,5.837381488290203,3.1256766789244868
545,545,11.5,42.0,3.8362552881379948,4.494571134170034,2.9696674691271294
546,546,11.5,42.5,4.312275161923076,5.216146942633781,5.015338008359589
547,547,11.5,43.0,5.2732979374842435,4.0509252446097745,6.302588237808902
548,548,11.5,43.5,5.884431474024313,1.8717577658761282,6.856078104659556
549,549,11.5,44.0,5.395811221134576,1.607733493650671,7.35713587715922
550,550,11.5,44.5,4.376407823678934,1.5214265477639763,6.399882708680629
551,551,11.5,45.0,2.7534232884316405,0.760213629368549,4.507378692803266
552,552,11.5,45.5,2.1071665532116617,0.6075047980730367,4.085014834914836
553,553,11.5,46.0,1.605620834014635,0.4440214731215803,3.194111582091105
554,554,11.5,46.5,1.154245895653893,0.25909789358442076,2.15940525439463
555,555,11.5,47.0,1.1579912677022761,0.14663258054450343,1.8150917363104007
556,556,11.5,47.5,1.7218246260255068,0.16376759006563565,2.081749164253569
557,557,11.5,48.0,1.8305456310478878,0.19049495850700335,2.2363958348655264
558,558,12.0,33.0,4.183448028739201,22.511706678124785,16.396583233306256
559,559,12.0,33.5,4.862429222084913,24.951919243189668,17.94181663086211
560,560,12.0,34.0,5.131373629441565,25.565567474820295,16.81384658155208
561,561,12.0,34.5,5.48615011247373,26.92256719764787,16.84271489536575
562,562,12.0,35.0,6.160418186262771,31.806201247645546,19.649954777933434
563,563,12.0,35.5,8.501359876843527,44.108172006855916,27.373041044214848
564,564,12.0,36.0,10.43244956343286,57.384965422144795,33.65153920863944
565,565,12.0,36.5,13.386691661352913,91.37222527029242,47.87550946452262
566,566,12.0,37.0,15.24667497658345,96.23392003450795,45.290104441264425
567,567,12.0,37.5,16.412792810649567,79.39670831811151,32.24875388459932
568,568,12.0,38.0,13.838984394388286,57.43543756030943,17.906359329971135
569,569,12.0,38.5,9.968713546056776,53.19673080854884,16.24289963625391
570,570,12.0,39.0,17.456864457760364,70.32796216547162,21.333556116711545
571,571,12.0,39.5,31.45439866196872,70.03294199329144,14.67239530886784
572,572,12.0,40.0,11.080221006584466,2.8382121649881804,2.8643343762498894
573,573,12.0,40.5,10.438189216716033,3.169262605151021,6.211685214182708
574,574,12.0,41.0,14.100993357712513,9.145478723409042,10.525723971801883
575,575,12.0,41.5,6.791673821191782,5.262748568614575,4.507436666291793
576,576,12.0,42.0,5.536483636973057,8.248220404634774,7.818667339005537
577,577,12.0,42.5,6.043918828915046,11.450945308086494,10.32942893618011
578,578,12.0,43.0,5.335751116555525,8.814991967471535,8.063334502432255
579,579,12.0,43.5,4.688997585529678,3.396819254264098,5.9011437836869005
580,580,12.0,44.0,4.256050195087407,1.1821635080482904,6.015713289599983
581,581,12.0,44.5,2.7697059892066385,0.9756122874045277,4.398354789406291
582,582,12.0,45.0,2.189592386267085,0.9033264736200733,3.972662263425788
583,583,12.0,45.5,1.9929830715349457,0.7784477368904411,3.9054284289753043
584,584,12.0,46.0,1.5799914677212048,0.5828247325222495,3.143142947571615
585,585,12.0,46.5,1.401167548836905,0.4441617370058471,2.8608810090446144
586,586,12.0,47.0,1.1818160875581794,0.3073023636872128,2.4173965633465153
587,587,12.0,47.5,0.9750967472588741,0.22026839120863687,2.2314666847690154
588,588,12.0,48.0,0.9266939329062094,0.21111992691709916,2.336478315590545
589,589,12.5,33.0,3.3777853193751315,20.475585768469887,13.775642215358102
590,590,12.5,33.5,3.689981729521911,21.770332114536497,14.347704928303441
591,591,12.5,34.0,4.117198647251065,23.905381881005923,14.750540120933545
592,592,12.5,34.5,4.720345528548498,27.45958757458152,16.31644250259003
593,593,12.5,35.0,5.055635719693799,30.24942232709074,16.758378748341414
594,594,12.5,35.5,6.18886783842742,36.54029562313797,20.632526677281742
595,595,12.5,36.0,7.377029258699866,45.043744126214484,24.595735135499392
596,596,12.5,36.5,9.62924458255374,70.39548487973258,36.89698222848879
597,597,12.5,37.0,15.126272977322627,104.10947571984372,53.21847726739417
598,598,12.5,37.5,19.46417985163554,97.35205795904209,42.618213252486996
599,599,12.5,38.0,14.77607427769127,63.34474186071855,19.24477393780169
600,600,12.5,38.5,8.484736946856037,45.80714407474452,11.176414412840382
601,601,12.5,39.0,12.961254869013437,61.50106115679086,16.872339939336346
602,602,12.5,39.5,25.204701632648767,80.16675400795141,20.270136745237153
603,603,12.5,40.0,13.116557344610433,2.7352378345108037,2.8908375634172594
604,604,12.5,40.5,6.853262987804338,1.399938174035963,3.2014413370295234
605,605,12.5,41.0,9.673569260903255,4.896056650183569,6.462332145835159
606,606,12.5,41.5,6.310141467941155,4.578303093383862,4.301164681734794
607,607,12.5,42.0,4.6888111940218264,6.7162720768971695,5.664395432262694
608,608,12.5,42.5,3.614439873532204,7.107356035256757,5.1600408889089815
609,609,12.5,43.0,2.6373799875777046,4.555177770650119,3.203748537243365
610,610,12.5,43.5,2.603757191595267,2.615555650808963,3.517448354221587
611,611,12.5,44.0,2.549664798516929,1.8419477886566982,4.174794273531732
612,612,12.5,44.5,2.1748733531924063,1.8579508670894216,3.546485922193091
613,613,12.5,45.0,1.7718756099641013,1.7619683421701051,3.3697617822824757
614,614,12.5,45.5,1.8846841983610354,1.8010577717597005,3.7106647706471763
615,615,12.5,46.0,1.5539190999415304,1.1633484724184509,2.944368298506132
616,616,12.5,46.5,1.6205897120217603,0.9478399391433486,2.9383618646047895
617,617,12.5,47.0,1.5563252440778275,0.6186030322416928,2.6618097929840716
618,618,12.5,47.5,1.365408148888726,0.47489471330313004,2.4469700206002973
619,619,12.5,48.0,1.196122435443965,0.3754784548164766,2.381070213195624
620,620,13.0,33.0,2.5889012120083663,18.814608810017575,12.422012529084414
621,621,13.0,33.5,2.9358275748342546,20.00830949876689,12.744555492532127
622,622,13.0,34.0,3.2141645634286067,21.864194721566605,12.80873634604152
623,623,13.0,34.5,3.6260272943964136,24.546223818397312,13.624349217894862
624,624,13.0,35.0,4.155624260154144,28.407965813007518,15.009196400531573
625,625,13.0,35.5,5.403514781438233,34.83956026754604,18.876249728920424
626,626,13.0,36.0,5.751944018479336,41.19210835922812,21.012774078899394
627,627,13.0,36.5,7.339763704319427,52.51014572234735,27.559789474050238
628,628,13.0,37.0,10.083468535357547,74.98481925283069,34.93383137679793
629,629,13.0,37.5,18.775219690527063,116.08830682272973,61.816100819242216
630,630,13.0,38.0,20.615408474608117,88.47628562704689,38.552387095844026
631,631,13.0,38.5,14.112113273866056,38.42875277484575,10.569036872268306
632,632,13.0,39.0,13.296703530604589,40.29850148895722,10.659016479414865
633,633,13.0,39.5,19.220636505664228,74.24527603627952,20.011625109320523
634,634,13.0,40.0,15.916047405801072,3.6412745441482337,3.0321301566118866
635,635,13.0,40.5,3.9178778477599496,0.6243143546231419,1.3276645000646525
636,636,13.0,41.0,6.537248216365151,3.9292740867393987,7.761232268021502
637,637,13.0,41.5,5.224452771206573,4.997424360602537,4.835746476304505
638,638,13.0,42.0,3.400839348736822,6.398976298763702,4.761721956185845
639,639,13.0,42.5,2.3712453531987587,6.395361052060831,3.895028144670866
640,640,13.0,43.0,1.6170832888149043,7.090525940426012,2.8100227326671194
641,641,13.0,43.5,1.7890892621920649,6.9797051582008836,3.712035288039951
642,642,13.0,44.0,4.489444530684435,6.933495578993494,6.618644120379355
643,643,13.0,44.5,4.504529707458635,3.709698341541182,2.8265445001165284
644,644,13.0,45.0,2.1276283010092527,2.9063303627532826,2.357547562904694
645,645,13.0,45.5,2.229163603089464,3.4513838816140576,3.3954560148404282
646,646,13.0,46.0,1.549347555848953,2.221739053860015,2.2778084346322274
647,647,13.0,46.5,1.2224960049205318,1.572678994263142,2.051500511338205
648,648,13.0,47.0,1.2529240260603822,1.219905434066798,1.9463291656959816
649,649,13.0,47.5,1.4195953337739067,0.8395173679405056,2.123942241917694
650,650,13.0,48.0,1.3105151444515801,0.6878794945022065,2.08167755051053
651,651,13.5,33.0,2.0584957185292696,15.876482166137407,10.659349068180047
652,652,13.5,33.5,2.375717900025648,17.575250382727116,11.249275809472538
653,653,13.5,34.0,2.6535217094907346,19.427356926797838,11.313407068419503
654,654,13.5,34.5,2.977455877036556,22.18223163458377,12.333903162169321
655,655,13.5,35.0,3.5972998288599327,26.306464601613683,13.980446425201727
656,656,13.5,35.5,4.422347561185311,30.741256700706582,15.856628168406028
657,657,13.5,36.0,4.393923148767671,34.062331427541444,16.562250590099517
658,658,13.5,36.5,6.693249281683433,51.07962796460172,27.736463475845593
659,659,13.5,37.0,6.088198793256422,51.5317447900627,20.060844934188022
660,660,13.5,37.5,11.833369598413512,79.91019624160462,39.638994309687114
661,661,13.5,38.0,12.55812679957757,83.26203573065662,39.40213002980403
662,662,13.5,38.5,6.068186294915873,33.317303566039385,11.476213656885283
663,663,13.5,39.0,7.367644258297976,38.75226761858981,9.614897328537939
664,664,13.5,39.5,13.758973786705793,74.19090277205612,18.094694987843525
665,665,13.5,40.0,17.657907465267186,3.0882203336995615,2.788931852022799
666,666,13.5,40.5,2.36198401094704,0.7274990188635195,0.8000053249132376
667,667,13.5,41.0,5.822470134589596,5.028442930952033,9.787847742802276
668,668,13.5,41.5,5.813691203090358,5.130398872681872,4.2949649068102485
669,669,13.5,42.0,3.5837905549969427,6.002941065030382,3.8303282149382203
670,670,13.5,42.5,2.0922935945442025,6.381752997782631,3.8843960663021826
671,671,13.5,43.0,1.3395586876687045,7.075430434911041,2.8014997997876243
672,672,13.5,43.5,6.993705398742395,18.42207938034164,11.826482653980007
673,673,13.5,44.0,11.097656735376626,23.29615658737538,17.34949854860405
674,674,13.5,44.5,10.610757132167308,22.554504545631982,11.726858415615292
675,675,13.5,45.0,6.630239077876865,28.828161678351268,11.449691557475512
676,676,13.5,45.5,5.987020814540661,26.019554976380945,12.981843711555205
677,677,13.5,46.0,2.7386289958665024,8.285707287555901,4.7509247627598095
678,678,13.5,46.5,2.0570386070654827,6.192135437337878,3.770943567116022
679,679,13.5,47.0,1.1489684050826998,2.3460011263933045,1.6268462680062787
680,680,13.5,47.5,1.3151016948905643,1.966494924146162,1.8039986360781164
681,681,13.5,48.0,1.1770830975842113,1.016811503569654,1.6563690843324732
682,682,14.0,33.0,1.519449050882124,13.310377375728962,8.50889287843085
683,683,14.0,33.5,1.8390578460285323,15.002500944030794,9.120262889816376
684,684,14.0,34.0,2.0195695617036917,16.62052781816732,9.620400517435863
685,685,14.0,34.5,2.3370752885964525,19.352313828612335,10.624234379108787
686,686,14.0,35.0,2.797199287761648,22.057066425512414,11.732331149412454
687,687,14.0,35.5,3.430292676789005,26.628754399381148,13.572310018085785
688,688,14.0,36.0,2.95415606265675,24.31528370883463,10.969839227630219
689,689,14.0,36.5,4.822380864257419,40.31906416415179,21.642361478866743
690,690,14.0,37.0,4.673410172419938,42.26010403957044,16.101634995606947
691,691,14.0,37.5,4.299593119576874,49.079158551328725,17.63267903605586
692,692,14.0,38.0,4.69952234460661,53.179630645841335,18.029686992797497
693,693,14.0,38.5,5.059000469596143,57.159188759482014,21.22510007948208
694,694,14.0,39.0,6.932782350081905,63.42846525256582,19.671566980675347
695,695,14.0,39.5,16.66693279146674,71.55339930555242,15.778294438288114
696,696,14.0,40.0,17.3927816255334,1.9299428402190795,2.719861770625439
697,697,14.0,40.5,1.9765065669921211,1.3171486712470697,1.118148480335227
698,698,14.0,41.0,6.519680593808171,5.337714524796219,9.43717664610345
699,699,14.0,41.5,5.51237953248576,4.0573580924352575,3.2378497998831364
700,700,14.0,42.0,2.56956596530822,4.486765010270121,2.16403469506788
701,701,14.0,42.5,1.1232326932237608,4.965977829086475,2.3126992343693784
702,702,14.0,43.0,2.003562158216114,6.21118711484879,2.717921782730725
703,703,14.0,43.5,7.7112378962026185,17.516136962286723,11.767641843112301
704,704,14.0,44.0,21.371346507305688,37.96048142397399,26.695684651786465
705,705,14.0,44.5,15.114705452508034,32.696163798787815,15.054534614892113
706,706,14.0,45.0,9.525141796851166,31.256061232606044,12.043804586855124
707,707,14.0,45.5,8.100552135355535,29.082515746473863,13.643296245984098
708,708,14.0,46.0,4.960006809805715,10.765649999881397,5.358483857743455
709,709,14.0,46.5,3.118134808667712,8.17473058867081,4.704586706525167
710,710,14.0,47.0,2.198847800316605,4.297573254204944,2.528464580658507
711,711,14.0,47.5,1.4882645372367822,3.696935895058909,2.64220852043698
712,712,14.0,48.0,1.3428077579701465,2.727555011942035,2.4820851126994388
713,713,14.5,33.0,1.181891544079924,11.351575570023662,7.103320949225956
714,714,14.5,33.5,1.3439821399616694,12.744318628470069,7.707584624674207
715,715,14.5,34.0,1.522966300434461,14.369065708140814,8.216708647831396
716,716,14.5,34.5,1.725823792972027,15.612738912567968,8.724319567582581
717,717,14.5,35.0,2.1015225850314803,17.170307663008487,9.274516336713985
718,718,14.5,35.5,2.5794777995853857,22.602152468343828,11.89606821157816
719,719,14.5,36.0,1.9481315677472733,18.692028320774742,7.8373508081478285
720,720,14.5,36.5,2.277428525421907,21.71069709744475,9.924431954680042
721,721,14.5,37.0,4.27880407780681,38.726803109433185,17.32812672688013
722,722,14.5,37.5,4.019142419842147,49.77970160003849,17.810188180895693
723,723,14.5,38.0,4.019537688136136,50.94004103611667,17.991182516536394
724,724,14.5,38.5,4.413475353016046,55.570240662156785,21.54750531521432
725,725,14.5,39.0,14.528612451384774,49.1521462207027,20.476656655448473
726,726,14.5,39.5,26.98597468316497,39.032841874372586,9.517319662569266
727,727,14.5,40.0,13.737754664527971,1.6862754783002896,3.0088599369951443
728,728,14.5,40.5,2.1318850785317216,1.486398122441031,1.8107731853171842
729,729,14.5,41.0,5.917412314102175,3.8235306187149454,6.431943214905047
730,730,14.5,41.5,3.436513721274906,2.3565235888964526,2.602684801491775
731,731,14.5,42.0,1.1139022240478127,3.8708904776443034,1.9667859001079242
732,732,14.5,42.5,1.6191398431584816,4.440233008004824,2.71221994537602
733,733,14.5,43.0,2.46073257620811,5.625000420102626,3.0438270580927558
734,734,14.5,43.5,12.256221891883255,34.35010273594252,13.527818195192545
735,735,14.5,44.0,33.02689641499173,60.16292467277936,34.18790379164836
736,736,14.5,44.5,14.150031281167275,18.959679437537034,6.447137210079053
737,737,14.5,45.0,8.26539092828049,4.0455460783531025,1.464748711681098
738,738,14.5,45.5,6.171798154880116,6.008382554648506,2.430279140873463
739,739,14.5,46.0,5.433386314928751,5.761560395945743,2.3876061824127075
740,740,14.5,46.5,3.2377466594678004,4.495492122391458,2.6288888238087145
741,741,14.5,47.0,3.423659676328446,6.521983685988268,4.681781418170753
742,742,14.5,47.5,2.6989471433746526,5.972344730791408,4.84058972262057
743,743,14.5,48.0,2.3916333676558286,6.071352559407991,4.301701398207144
744,744,15.0,33.0,0.7699725541969844,8.10023524792012,5.321580907482578
745,745,15.0,33.5,0.922686733228035,9.654680148634737,5.974285844235147
746,746,15.0,34.0,1.0845406395658577,10.685884319830416,6.384268862721309
747,747,15.0,34.5,1.2862587814412298,11.557910382493363,6.824354781145328
748,748,15.0,35.0,1.4002827093118466,12.584963303193215,6.898845084263429
749,749,15.0,35.5,1.701096919835597,16.2082960702373,7.997582139536907
750,750,15.0,36.0,1.5232321066655017,15.972621823537954,6.928397921873454
751,751,15.0,36.5,1.7220115269413128,17.264220993650742,7.734661493201053
752,752,15.0,37.0,3.460461845160237,31.621287130247335,13.858579084389488
753,753,15.0,37.5,2.715879649060604,25.386539351885244,8.486881849161147
754,754,15.0,38.0,3.0345727795185726,27.825837083531734,10.513128159806488
755,755,15.0,38.5,8.00824823853471,40.2321779649245,15.731940910575297
756,756,15.0,39.0,19.58628726072736,38.1231393032405,14.232060980970296
757,757,15.0,39.5,27.47996893261606,9.171646986159816,6.857118470799635
758,758,15.0,40.0,7.128901339681125,1.4233622671325887,3.180272701523497
759,759,15.0,40.5,1.8798451030193017,0.7448625978590596,2.1979981371467825
760,760,15.0,41.0,2.244168838623899,1.371245148993759,1.700236455679754
761,761,15.0,41.5,1.4050958761044774,1.7933195015517442,1.1228678083855608
762,762,15.0,42.0,1.2701167968262004,5.107898830155598,3.272929818114777
763,763,15.0,42.5,1.8370454813215573,4.774378699655744,3.319955053980611
764,764,15.0,43.0,4.944563105147531,16.869894015733248,10.942257965815715
765,765,15.0,43.5,14.398867053570134,49.219021259352054,22.06775189404252
766,766,15.0,44.0,27.273003484144212,70.14151213100617,26.25240458793048
767,767,15.0,44.5,12.969237977819406,4.608839865562669,1.1353415079567324
768,768,15.0,45.0,7.2366588233946105,1.3740116976159484,0.6062014286530716
769,769,15.0,45.5,3.3206940046848974,1.323770482080015,0.42544885858492165
770,770,15.0,46.0,2.3950080730408767,1.058036877487304,0.2947779939920043
771,771,15.0,46.5,1.4726585781953367,1.1531015684243486,0.32522194495415524
772,772,15.0,47.0,1.7850981146948504,3.2163374410887413,1.1814435562501953
773,773,15.0,47.5,2.379333964013389,3.7245566131088292,1.564208382146176
774,774,15.0,48.0,2.800794586100944,4.599635506738297,2.5151605747527044
